Dejavnost|Nosilec|Razredi|Termini|Cena|Max število prijavljenih|Opis|KONEC
Francoščina – začetni|Jelka Perne|1,2|Torek 14.35 – 15.20||28|Veliko francoskih besed že poznate. Ne verjamete? Pa poglejmo:
 
Ali radi jeste POMMES FRITES, PURÉE, BIFTECK, SARDINES, 
ANANAS, BANANES, BONBONS, CHOCOLAT, SALADE, BROCCOLI?
Ali se radi vozite z AVION, AUTOBUS, AUTOMOBILE, LIMOUSINE, TAXI, HÉLICOPTÈRE, CAMION, BARQUE, GONDOLE?
Ali greste v živalski vrt pogledat GIRAFES, CROCODILES, TIGRES, ZÈBRES, PANDAS, KOALAS, KANGOUROUS, COBRA, CHIMPANZÉ?
Ali poznate kakšnega PROFESSEUR, DIRECTEUR, PHOTOGRAPHE, DOCTEUR, VÉTÉRINAIRE, CHAUFFEUR, PILOTE, DÉTECTIVE, GANGSTER, VAMPIRE?
Ali podnevi nosite CRAVATE, ponoči PYJAMA, na plaži BIKINI, na zabavi pa PARFUM?
Doma imate zagotovo TÉLÉVISION, RADIO, TÉLÉPHONE, ASPIRINE.
Se radi ukvarjate s SPORT: GOLF, KARATÉ, TENNIS, PING-PONG, FOOTBALL, BOXE?
Igrate kakšen INSTRUMENT de la MUSIQUE: VIOLON, CLARINETTE, TROMPETTE, GUITARE, MANDOLINE, CONTREBASSE?
Ali greste radi v RESTAURANT, BAR, DISCOTHÈQUE, BOUTIQUE, PARC, MUSÉE?  
 
Francoščina ni težka, slovnica je lažja kot slovenska, 
saj nima dvojine in srednjega spola, črko r malo pogrkujejo, 
ko izgovorijo črki m in n, to storijo skozi nos in naglas je vedno na zadnjem zlogu. |KONEC
Francoščina – nadaljevalni|Jelka Perne|2,3|Torek 15.30 – 16.15||28| Veliko francoskih besed že poznate. Ne verjamete? Pa poglejmo:
 
Ali radi jeste POMMES FRITES, PURÉE, BIFTECK, SARDINES, 
ANANAS, BANANES, BONBONS, CHOCOLAT, SALADE, BROCCOLI?
Ali se radi vozite z AVION, AUTOBUS, AUTOMOBILE, LIMOUSINE, TAXI, HÉLICOPTÈRE, CAMION, BARQUE, GONDOLE?
Ali greste v živalski vrt pogledat GIRAFES, CROCODILES, TIGRES, ZÈBRES, PANDAS, KOALAS, KANGOUROUS, COBRA, CHIMPANZÉ?
Ali poznate kakšnega PROFESSEUR, DIRECTEUR, PHOTOGRAPHE, DOCTEUR, VÉTÉRINAIRE, CHAUFFEUR, PILOTE, DÉTECTIVE, GANGSTER, VAMPIRE?
Ali podnevi nosite CRAVATE, ponoči PYJAMA, na plaži BIKINI, na zabavi pa PARFUM?
Doma imate zagotovo TÉLÉVISION, RADIO, TÉLÉPHONE, ASPIRINE.
Se radi ukvarjate s SPORT: GOLF, KARATÉ, TENNIS, PING-PONG, FOOTBALL, BOXE?
Igrate kakšen INSTRUMENT de la MUSIQUE: VIOLON, CLARINETTE, TROMPETTE, GUITARE, MANDOLINE, CONTREBASSE?
Ali greste radi v RESTAURANT, BAR, DISCOTHÈQUE, BOUTIQUE, PARC, MUSÉE?  
 
Francoščina ni težka, slovnica je lažja kot slovenska, 
saj nima dvojine in srednjega spola, črko r malo pogrkujejo, 
ko izgovorijo črki m in n, to storijo skozi nos in naglas je vedno na zadnjem zlogu. |KONEC
Latinščina|Jelka Perne|5,6,7,8,9|Petek 14.35 – 15.20||28|Za latinščino pravijo, da je "mrtev" jezik, kar seveda ne drži. Res je, da se noben narod v vsakdanjem življenju ne sporazumeva v latinščini, vendar je kljub temu prisotna na vseh področjih našega življenja (medicina, farmacija, umetnost, literatura ...).
Ste se kdaj vprašali, kaj pomenijo in od kod izvirajo razna imena trgovin, kot so Mercator, Merkur, Sanolabor ipd. ali pa osebna imena kot na primer Roman, Karmen, Klara, Klemen, Viktor, Primož, Sabina, Silva? 
O tem in še o marsičem se bomo učili pri pouku latinščine. Spoznali bomo osnove latinske slovnice, se učili o življenju v starodavni Grčiji in Rimu, osvojili bomo veliko novih besed, ki jih bomo primerjali z besedami v drugih tujih jezikih (angleščina, nemščina, francoščina ...).|KONEC
Nemščina – začetni|…|2,3|Sreda 15.30 – 16.15||28|Skozi igro, glasbo, pesem, ples, z gibi in mimiko vadimo, ponavljamo, utrjujemo, usvajamo besedišče in se učimo nemščino. Ob zgodbah, ki se navezujejo na izbrano temo, učenci aktivno sodelujejo in razvijajo pozitivni odnos do nemščine. Nimajo strahu, da bi narobe povedali ali nepravilno izgovorili. Hitreje se naučijo pravilne in naravne izgovarjave, pridobijo ritem, intonacijo in posluh za tuji jezik.|KONEC
Nemščina – nadaljevalni|…|4, 5, 6|Sreda 14.35 – 15.20||28|Skozi igro, glasbo, pesem, ples, z gibi in mimiko vadimo, ponavljamo, utrjujemo, usvajamo besedišče in se učimo nemščino. Ob zgodbah, ki se navezujejo na izbrano temo, učenci aktivno sodelujejo in razvijajo pozitivni odnos do nemščine. Nimajo strahu, da bi narobe povedali ali nepravilno izgovorili. Hitreje se naučijo pravilne in naravne izgovarjave, pridobijo ritem, intonacijo in posluh za tuji jezik.|KONEC
Gledališki laboratorij|Mojca Planinc|4, 5, 6|Torek 14.35 – 15.20||28|V gledališkem laboratoriju  bodo učenci eksperimentirali z gledališčem in vsem, kar sodi h gledališki kulturi:
razvijanje možnosti izražanja z mimiko, kretnjami, gibanjem in govorom v odrskem prostoru;
razvijanje zmožnosti gledališkega izražanja:
z dramskimi improvizacijami bodo posnemali vsakdanje opravke, izražali občutja, čustva, lastnosti oseb; improvizirali bodo na podlagi zgodb in dramskih situacij;
vadili bodo tehniko igranja: sproščenost, vaje za ravnotežje, hitrost, ritem, dihanje, ozaveščanje drže lastnega telesa in telesa soigralca/cev;
vadili bodo pantomimo: mimiko, kretnje, gibanje.

Preko gledaliških tehnik bodo ozavestili  držo lastnega  telesa,  držo soigralca in vpliva vseh omenjenih dejavnikov na vsakdanje življenje. 

Cilj  bo ustvariti tudi gledališko predstavo. |KONEC
Gledališki krožek|Helena Pogorelc Škerlep |7, 8, 9|||28|V gledališkem krožku  bodo učenci eksperimentirali z gledališčem in vsem, kar sodi h gledališki kulturi:
razvijanje možnosti izražanja z mimiko, kretnjami, gibanjem in govorom v odrskem prostoru;
razvijanje zmožnosti gledališkega izražanja:
z dramskimi improvizacijami bodo posnemali vsakdanje opravke, izražali občutja, čustva, lastnosti oseb; improvizirali bodo na podlagi zgodb in dramskih situacij;
vadili bodo tehniko igranja: sproščenost, vaje za ravnotežje, hitrost, ritem, dihanje, ozaveščanje drže lastnega telesa in telesa soigralca/cev;
vadili bodo pantomimo: mimiko, kretnje, gibanje.

Preko gledaliških tehnik bodo ozavestili  držo lastnega  telesa,  držo soigralca in vpliva vseh omenjenih dejavnikov na vsakdanje življenje. 

Cilj  bo ustvariti tudi gledališko predstavo. |KONEC
Impro skupina|Mojca Planinc|7, 8, 9|Sreda 14.35 – 15.20||28|Z impro skupino se bodo učenci preko improvizacijskega gledališča kulturno razgibali, zadovoljili željo po druženju in gledališkem udejstvovanju. Preko iger se bodo navdušili nad igrivo spontanim duhom gledališke improvizacije. Seznanili se bodo s sproščeno igralsko izraznostjo, ki jo najhitreje dosežemo skozi tehnike in metode gledališke improvizacije. Obenem so vaje pogosto usmerjene v reševanje določenih odrskih nalog, pri katerih udeleženci pozabijo na to, da so na odru, in so usmerjeni v to, kar se na njem dogaja. Zato so vaje gledališke improvizacije prikladno orodje za premagovanje treme, vzpostavljanje in razumevanje dela v skupini, vživljanje v različne karakterje, hitrejšo odzivnost in sprejemanje tujih in svojih idej. |KONEC
Krožek za razmišljanje|Špela Červ|4, 5, 6|Ponedeljek 14.35 – 15.20||28|Znaš misliti? Znaš razmišljati? Veš, da se tega lahko naučiš? Naučili se bomo strukturirano in samostojno razmišljati s pomočjo CoRT metod. Spoznali bomo metode CoRT1, kjer bomo širili moč zaznavanja, in metode CoRT4, kjer bomo razvijali in vadili kreativnost, tako da bodo učenci svoje razmišljanje znali tudi oblikovati. 


Z zavedanjem sveta in z lastnim razmišljanjem si bodo učenci lahko pomagali tako pri šolskih obveznostih kot tudi v vsakdanjih situacijah izven šole. |KONEC
Lego krožek|Rado Novaković|1, 2, 3|Sreda 15.30 – 16.15||28|Kdor se rad igra, sestavlja in gradi, po načrtu, domišljiji, sam ali s prijatelji, je vabljen na oblikovanje z Lego kockami.|KONEC
Ročna ustvarjalnica| Barbara Rebec Smrdel|1, 2, 3|Ponedeljek 14.35 – 15.20||28|Ustvarjalni krožek je namenjen vsem tistim, ki so ustvarjalni, inovativni in imajo željo po oblikovanju iz najrazličnejših materialov in v različnih likovnih tehnikah.
Izdelovali bomo iz papirja, odpadne embalaže, blaga, das-mase in gline, fimo mase, gumbov, volne …  
 
Motive in materiale bomo izbirali glede na letni čas, mesec, bližajoč praznik ... 
Učenci si bodo razvijali ročne spretnosti, fino motoriko, ustvarjalnost, domišljijo, čut za estetiko, natančnost ter vztrajnost. 
 
Pri ustvarjalnem krožku domišljija nima meja …|KONEC
Likovni krožek – prva skupina|Petra Novak Trobentar |1, 2, 3, 4, 5, 6|Torek 15.30 – 16.15||28|Pri likovnem krožku učitelj otroke usmerja k spoznavanju različnih likovnih tehnik in orodij, lahko pa si tudi sami izbirajo likovne materiale in pripomočke. 

 Učenci bodo pri likovnem krožku spoznavali naslednja likovna področja, materiale in pripomočke:
RISANJE s svinčnikom (B2), grafitom, peresom in tušem, čopičem in tušem, ogljem, flomastri, suhimi barvicami in voščenkami;
SLIKANJE s tempera barvami, suhimi in akvarelnimi barvicami, voščenkami, suhimi pasteli in kredami;
KIPARSTVO z glino in papirjem;
OBLIKOVANJE PROSTORA s tršim papirjem in odpadno embalažo;
GRAFIKO in tisk s pečatniki;
RAČUNALNIŠKO GRAFIKO bodo spoznavali vodeno, v računalniški učilnici.

Sodelovali bodo na likovnih natečajih, pri pripravi razstav in novoletni krasitvi šolske avle.  |KONEC
Likovni krožek – druga skupina|Petra Novak Trobentar |1, 2, 3, 4, 5, 6|Petek 14.35 – 15.20||28|Pri likovnem krožku učitelj otroke usmerja k spoznavanju različnih likovnih tehnik in orodij, lahko pa si tudi sami izbirajo likovne materiale in pripomočke. 

 Učenci bodo pri likovnem krožku spoznavali naslednja likovna področja, materiale in pripomočke:
RISANJE s svinčnikom (B2), grafitom, peresom in tušem, čopičem in tušem, ogljem, flomastri, suhimi barvicami in voščenkami;
SLIKANJE s tempera barvami, suhimi in akvarelnimi barvicami, voščenkami, suhimi pasteli in kredami;
KIPARSTVO z glino in papirjem;
OBLIKOVANJE PROSTORA s tršim papirjem in odpadno embalažo;
GRAFIKO in tisk s pečatniki;
RAČUNALNIŠKO GRAFIKO bodo spoznavali vodeno, v računalniški učilnici.

Sodelovali bodo na likovnih natečajih, pri pripravi razstav in novoletni krasitvi šolske avle.  |KONEC
Les je lep in uporaben|Petra Novak Trobentar |5, 6, 7, 8, 9|Četrtek 14.35 – 15.20||28|Učenci boste spoznali osnove nastanka lesa, najpogostejše vrste in nekatere lastnosti lesa. Za izdelavo uporabnega lesenega izdelka boste najprej izdelali idejno skico in načrt, nadaljevali pa s preprostimi obdelovalnimi postopki ter z izbiro ustreznega orodja in strojev. Posebno pozornost bomo namenili varstvu pri delu.|KONEC
Fotografija|Marko Bešlič|7, 8, 9|Četrtek 14.35 – 15.20||28|Učenci bodo spoznali osnove delovanja kamer s poudarkom na kreativni izrabi fotografske tehnike. Spoznali in uporabljali bodo osnove kompozicije pri portretiranju, fotografiranju pokrajine in predmetov. Seznanili se bodo z osnovnimi tehnikami poudarjanja motivov. Naučili se bodo videti svetlobo, ki je tista, ki v resnici riše fotografije. Pouk bo delo potekal v učilnici, delno pa na terenu v okolici šole. Predhodno znanje iz fotografiranja ni potrebno. Učenci potrebujejo lastne fotoaparate, zaželeno je, da gre vsaj za enostavno kompaktno kamero (fotoaparati, vgrajeni v mobilne telefone, ne omogočajo kaj prida učenja fotografije). Vseeno je, ali gre za digitalno kamero ali kamero na film.|KONEC
Glasbena ustvarjalnica|Ana Vrenko|3, 4, 5|Ponedeljek 15.30 – 16.15||28|V glasbeni ustvarjalnici bodo učenci spoznavali možnosti ustvarjanja z glasbo preko glasbenih improvizacij, ritmičnih in melodičnih iger, vaj za spoznavanje glasu in slušne pozornosti. Seznanili se bodo z različnimi glasbili in ustvarjali nanje. Z vajami za spodbujanje domišljije in povezovanjem giba, glasu in zvoka bodo iskali svoj izraz v glasbi. Glasbena ustvarjalnica bo učencem ponudila možnost napredovanja na slušnem področju, v glasovnem izražanju, pri premagovanju treme pred nastopanjem, vživljanju v glasbo in odpirala nove možnosti za njihov glasbeni razvoj. Dotaknili se bomo tako prvin elementarne glasbe, kot sodobne in popularne. Naše ustvarjanje pa bo tako povezalo glasbo, igro, ples in otroško domišljijo.|KONEC
Otroški pevski zbor 1|Marija Zupan|2, 3, 4, 5|Ponedeljek 14.35 – 15.20
Sreda 14.35 – 15.20||28|Otroški pevski zbor združuje učence od 1. do 5. razreda. Ker so sposobnosti in glasovni obseg učencev različni, vsako leto oblikujem dva otroška pevska zbora. Sodelovanje v pevskem zboru omogoča otrokom večstransko napredovanje in razvijanje spodobnosti: poleg razvijanja glasbeno-pevskih sposobnosti, učenci razvijajo estetki čut, discipliniranost, vztrajnost, doslednost, natančnost, razvijajo čut odgovornosti in pripadnosti skupini (vzgoja za delo v skupini). Druženju s sovrstniki in spoznavanje bogastva glasbenega izročila pa naj bi pevce tudi razveseljevalo in sproščalo. |KONEC
Otroški pevski zbor 2|Marija Zupan|1, 2, 3, 4, 5|Sreda 15.30 – 16.15||28|Otroški pevski zbor združuje učence od 1. do 5. razreda. Ker so sposobnosti in glasovni obseg učencev različni, vsako leto oblikujem dva otroška pevska zbora. Sodelovanje v pevskem zboru omogoča otrokom večstransko napredovanje in razvijanje spodobnosti: poleg razvijanja glasbeno-pevskih sposobnosti, učenci razvijajo estetki čut, discipliniranost, vztrajnost, doslednost, natančnost, razvijajo čut odgovornosti in pripadnosti skupini (vzgoja za delo v skupini). Druženju s sovrstniki in spoznavanje bogastva glasbenega izročila pa naj bi pevce tudi razveseljevalo in sproščalo. |KONEC
Mladinski pevski zbor|Marija Zupan|6, 7, 8, 9|Torek 14.35 – 15.20
Četrtek 14.35 – 15.20||28|Mladinski pevski zbor združuje pevce od 6. do 9. razreda. Večje pevske sposobnosti že omogočajo spoznavanje in osvajanje zahtevnejšega, bolj raznolikega pevskega programa, ob čemer pa je ne le več dela in prizadevanja, temveč tudi več veselja. |KONEC
Planinstvo|Jana Kebler Zaletel |1, 2, 3, 4, 5, 6, 7, 8, 9|||28|S pohodi v naravo si krepimo zdravje, se družimo s prijatelji in sošolci. Na planinskem krožku spoznavamo in osvajamo znanja s področja planinstva. Glavni cilj krožka pa je navajanje mladih na aktivno preživljanje prostega časa v naravi. Učenci razvijajo pozitiven odnos do narave, njenih naravnih lepot in bogastev. 

Termin: ena sobota v mesecu|KONEC
Računalniški krožek za najmlajše|Rado Novaković|2,3|Sreda 14.35 – 15.20||28|Pri delu bomo spoznali in uporabljali napravo, ki je namenjena za učenje, delo in zabavo.|KONEC
Astronomski krožek|Rado Novaković|1, 2, 3|Torek 14.35 – 15.20||28|Nič hudega, če ne veste, kako sta masa in hitrost povezani z energijo:
na poti po vesolju boste potrebovali predvsem dobro voljo in domišljijo.|KONEC
Prva pomoč|Jana Kebler Zaletel |5, 6, 7, 8|||28|Učenci bodo pri interesni dejavnosti pridobili teoretično in praktično znanje prve pomoči, da bodo lahko pomagali sebi in drugim ob nesrečah, nezgodah in nenadnih obolenjih. Spoznali bodo nezgodne situacije, v katerih je življenje zaradi poškodb neposredno ogroženo in se naučili pravilnega ukrepanja. Obenem bodo razvijali tudi občutek za delo v skupini, sprejemali mnenja drugih in ne nazadnje razvijali ustvarjalno mišljenje. 

Vključili se bomo v projekt »Samo eno življenje imaš«, ki ga vodi Rdeči križ, sodelovali pa bomo tudi na osnovnošolskih tekmovanjih iz znanja prve pomoči. 

Termin po dogovoru|KONEC
Šah|Stojan Milenković|2, 3, 4, 5, 6|Sreda 14.35 – 15.20||28|Šah je igra, ki spodbuja in širi miselne sposobnosti učencev. Učenci razvijajo logično mišljenje in predvidevanje, pozitivne značajske lastnosti (disciplina, metodičnost, izraba časa, odnos do nasprotnika) ter kritični odnos do svoje in nasprotnikove igre. Učenci se učijo potrpežljivosti ter naučijo spoštovanja pravil in nasprotnikov.|KONEC
Foklora|Marija Zupan|7|||28|Otroška folklorna skupina bo ohranjala, predvsem pa poustvarjala ter na različnih prizoriščih predstavljala prvine ljudskega izročila. V svoje nastope poleg ljudskega plesa, ki zavzema osrednje mesto, bo vključevala tudi ljudsko pesem ter nekatere šege in navade, ki so z ljudskim plesnim izročilom smiselno povezane. Program bodo izvajali v kostumih, s katerimi bodo skušali predstavljati način oblačenja ljudi ob posameznih dogodkih v preteklosti. 

Termin po dogovoru.|KONEC
Športna gimnastika (dečki in deklice)|ŠD Sokol Bežigrad|1, 2, 3, 4, 5|Četrtek 16.20 – 17.05
Petek 16.20 – 17.05||28|Gimnastika je osnovni šport, ki razvija gibalne spretnosti, osebnost otrok ter nudi izhodišče za ukvarjanje z drugimi športi in kakovost življenja na višji ravni. Strokovno dognano je, da so otroci v času med petim in devetim letom starosti najbolj dovzetni za razvoj gibalnih spretnosti. Trenerji športne gimnastike so tem namenom pripravili program rekreativne športne gimnastike, ki bo poskrbel za skladen telesni razvoj in razvoj gibalnih ter funkcionalnih sposobnosti vašega otroka. |KONEC
Odbojka (dečki in deklice)|Športno društvo Odbojkarska šola Ljubljana|3, 4, 5|Petek 15.30 – 16.15||28|Odbojka je izjemno priljubljena rekreacijska igra po vsem svetu, kot tekmovalni šport pa ima veliko privržencev in gledalcev. V družini športnih iger z žogo je najmlajša, najmanj agresivna, hkrati pa najbolj socialno naravnana. 

Odbojkarska šola Ljubljana že vrsto let izvaja interesno dejavnost po ljubljanskih osnovnih šolah. V okviru brezplačne vadbe trenira odbojko več kot 300 fantov in deklet, ki med seboj tekmujejo na OŠL-jevih turnirjih. V OŠL delajo mladi, izobraženi trenerji, ki so vsakega nadobudnega odbojkarskega navdušenca še kako veseli. |KONEC
Odbojka (dečki in deklice)|Športno društvo Odbojkarska šola Ljubljana|6, 7, 8, 9|Petek 16.20 – 17.05||28|Odbojka je izjemno priljubljena rekreacijska igra po vsem svetu, kot tekmovalni šport pa ima veliko privržencev in gledalcev. V družini športnih iger z žogo je najmlajša, najmanj agresivna, hkrati pa najbolj socialno naravnana. 

Odbojkarska šola Ljubljana že vrsto let izvaja interesno dejavnost po ljubljanskih osnovnih šolah. V okviru brezplačne vadbe trenira odbojko več kot 300 fantov in deklet, ki med seboj tekmujejo na OŠL-jevih turnirjih. V OŠL delajo mladi, izobraženi trenerji, ki so vsakega nadobudnega odbojkarskega navdušenca še kako veseli. |KONEC
Nogomet (dečki)|ŠD Otroška nogometna šola Ljubljana|1|Ponedeljek 14.35 – 15.20
Sreda 14.35 – 15.20|10 €/mesec|28|Trenerji in vodje oddelkov ter drugi člani ONŠ Ljubljana se zavedajo pomembne družbene vloge, ki jo predstavlja šport, zato osnovne usmeritve njihovega delovanja temeljijo na plemenitih vrednotah, kot so delavnost, solidarnost, strpnost, tovarištvo in samozavest ter seveda znanje. 

Spoštuj nasprotnike in ostale športne akterje, vedno igraj pošteno in na zmago ter sprejmi poraz z dostojanstvom - to so najpomembnejša pravila fair playa, ki so vodilo pri navajanju na zdravo tekmovalnost in so pomembna tako za športno kot širšo socializacijo otrok. |KONEC
Nogomet (dečki)|ŠD Otroška nogometna šola Ljubljana|2|Ponedeljek 15.30 – 16.15
Sreda 15.30 – 16.15|10 €/mesec|28|Trenerji in vodje oddelkov ter drugi člani ONŠ Ljubljana se zavedajo pomembne družbene vloge, ki jo predstavlja šport, zato osnovne usmeritve njihovega delovanja temeljijo na plemenitih vrednotah, kot so delavnost, solidarnost, strpnost, tovarištvo in samozavest ter seveda znanje. 

Spoštuj nasprotnike in ostale športne akterje, vedno igraj pošteno in na zmago ter sprejmi poraz z dostojanstvom - to so najpomembnejša pravila fair playa, ki so vodilo pri navajanju na zdravo tekmovalnost in so pomembna tako za športno kot širšo socializacijo otrok. |KONEC
Nogomet (dečki)|ŠD Otroška nogometna šola Ljubljana|3,4|Sreda 14.35 – 15.20
Petek 14.35 – 15.20|10 €/mesec|28|Trenerji in vodje oddelkov ter drugi člani ONŠ Ljubljana se zavedajo pomembne družbene vloge, ki jo predstavlja šport, zato osnovne usmeritve njihovega delovanja temeljijo na plemenitih vrednotah, kot so delavnost, solidarnost, strpnost, tovarištvo in samozavest ter seveda znanje. 

Spoštuj nasprotnike in ostale športne akterje, vedno igraj pošteno in na zmago ter sprejmi poraz z dostojanstvom - to so najpomembnejša pravila fair playa, ki so vodilo pri navajanju na zdravo tekmovalnost in so pomembna tako za športno kot širšo socializacijo otrok. |KONEC
Rokomet (deklice)|Rokometni klub Krim|1, 2, 3|Sreda 15.30 – 16.15||28|Dekleta bodo pri interesni dejavnosti „cici rokomet“ naredila svoje prve korake v tem dinamičnem športu. Posvetili se bomo predvsem osnovam rokometa, torej pravilnemu vodenju, lovljenju in podajanju žoge, raznim strelom na gol, različnim gibanjem po igrišču, razvoju splošnih motoričnih sposobnosti, precej časa pa bomo namenili igri cici rokometa in drugim prilagojenim igram z žogo. 

Kot ekipa bomo tekmovali v šolskem pokalu v „cici rokometu“, vsaka udeleženka se bo tekom šolskega leta lahko udeležila Krimovih mini turnirjev, ki so namenjeni najmlajšim rokometašicam. 

Za vpis na interesno dejavnost predznanje ni potrebno. Treninge bo vodil licencirani trener rokometa iz vrst Rokometne šole Krim Junior. Dekleta, ki bi se rada preizkusila v tako zanimivem in vznemirljivem športu kot je rokomet, vabimo, da se nam pridružijo. Ne bo vam žal! |KONEC
Atletika (dečki in deklice)|Atletsko društvo MASS|1, 2, 3|Četrtek 15.30 – 16.15||28|Atletsko društvo Mass Ljubljana za otroke, stare od 6. leta naprej, izvaja program otroške atletike (Kids' Atlhetics). Program vsebuje vadbo, ki je primerna otrokovim potrebam, njihovim razvojnim sposobnostim in njihovi motivaciji. Otroška atletika je zasnovana tako, da otroci razvijajo gibalne spretnosti ter postopoma širijo in nadgrajujejo svoja gibalna znanja in sposobnosti. Atletski pripomočki, s katerimi se otroci učijo osnov atletskih disciplin, so po obliki in teži njim prilagojeni. Otroška atletika je zabavna, pisana in igriva, zato k vpisu vabimo vse, ki radi skačejo, tečejo in mečejo. |KONEC
Tenis (dečki in deklice)|Jaki šport|1|Torek 14.35 – 15.20||28|Program je namenjen otrokom, ki se želijo seznaniti s tenisom in nimajo predhodnega znanja. Otroci osvajajo tehnike tenisa in pridobivajo nove motorične sposobnosti. Skozi igralni pristop se usmeri otroke v samostojno odločanje pri iskanju rešitev v različnih situacijah. Tehnični, taktični, gibalni in moštveni deli so vodilo za osvojitev nivoja – igra čez mrežo, mehka teniška žoga, junior loparji in mreža.|KONEC
Košarka (deklice)|Žensko košarkarsko društvo Ježica|4, 5, 6, 7|Ponedeljek 14.35 – 15.20
Četrtek 14.35 – 15.20||28|Košarka je kolektivna igra in zahteva veliko sodelovanja vsake izmed igralk, zato se še posebej spodbuja druženje in prijateljstvo. Skupna prizadevanja na treningih se nadgrajuje s tekmovanji. Mladim košarkaricam se s tem omogoča dvig samozavesti in osebni razvoj, ki je za današnjo družbo še kako potrebna vrednota.|KONEC
Judo (dečki in deklice)|Športno društvo Mala šola juda |1,2|Torek 15.30 – 16.15
Petek 14.35 – 15.20|10 €/mesec|28|S kvalitetnimi programi otrokom in mladostnikom privzgajajo potrebo po gibanju in pozitivni agresivnosti ter jim tako pomagajo graditi samozavest, spoštovanje, pogum, odgovornost in vztrajnost.
Poudarek je predvsem na: 
učenju pravilnega in varnega padanja;
učenju osnovnih elementov juda in osvajanje načel juda; 
razvijanje osnovnih psihomotorične sposobnosti in spretnosti; 
nadzorovanje, preprečevanje in usmerjanje telesne agresivnost ter razvijanje odločnosti, moči, spretnosti in poguma z borilnimi igrami.|KONEC
Judo (dečki in deklice)|Športno društvo Mala šola juda |3, 4, 5, 6|Torek 16.20 – 17.05
Petek 15.30 – 16.15|10 €/mesec|28|S kvalitetnimi programi otrokom in mladostnikom privzgajajo potrebo po gibanju in pozitivni agresivnosti ter jim tako pomagajo graditi samozavest, spoštovanje, pogum, odgovornost in vztrajnost.
Poudarek je predvsem na: 
učenju pravilnega in varnega padanja;
učenju osnovnih elementov juda in osvajanje načel juda; 
razvijanje osnovnih psihomotorične sposobnosti in spretnosti; 
nadzorovanje, preprečevanje in usmerjanje telesne agresivnost ter razvijanje odločnosti, moči, spretnosti in poguma z borilnimi igrami.|KONEC
Košarka (dečki in deklice)|ŠD Otroška košarkarska šola Ljubljana|1,2|Ponedeljek 15.30 – 16.15
Sreda 15.30 – 16.15||28|Njihova primarna naloga je otrokom približati šport kot način življenja. Otroška košarkarska šola ponuja strokovno in organizirano udejstvovanje dečkov in deklic na nevsiljiv način, kjer s pomočjo igre pridobijo osnovna košarkarska znanja. Projekt je usmerjen k vključevanju otrok v košarko in kasneje v košarkarske klube. |KONEC
Košarka (dečki)|ŠD Otroška košarkarska šola Ljubljana|3, 4, 5, 6|Torek 15.30 – 16.15
Četrtek 15.30 – 16.15||28|Njihova primarna naloga je otrokom približati šport kot način življenja. Otroška košarkarska šola ponuja strokovno in organizirano udejstvovanje dečkov in deklic na nevsiljiv način, kjer s pomočjo igre pridobijo osnovna košarkarska znanja. Projekt je usmerjen k vključevanju otrok v košarko in kasneje v košarkarske klube. |KONEC
Namizni tenis (dečki in deklice)|NTD Kajuh Slovan|2, 3, 4, 5, 6|Četrtek 14.35 – 15.20||28|Z delovanjem po osnovnih šolah želijo ustvariti bazo igralcev in igralk, iz katere bodo v prihodnje črpali kvaliteten kader za nastopanje v državnih ligah in v reprezentancah. |KONEC
Ritmična gimnastika (deklice)|Športni klub Bleščica|1, 2, 3, 4|Ponedeljek 16.20 – 17.05||28|Ritmična gimnastika je dragulj v kroni ženskih olimpijskih športov. Združuje prvine baleta, modernega plesa, akrobatike in rokovanja s pripomočki (kolebnica, žoga, obroč, kiji in trak). Mnogi ta zdrav šport povezujejo z umetnostjo, kajti v njem izstopata eleganca in gracioznost, vaje pa pripovedujejo čudovite izrazne zgodbe. 
Najpomembnejše vodilo našega dela, ki se nanaša na dekleta, je iskanje sposobnosti preko katere se otrok lahko pozitivno afirmira in s tem preko športa raste v samozavestno in ustvarjalno dekle. |KONEC
Baseball (dečki in deklice)|Baseball društvo Ježica|3, 4, 5, 6|Torek 14.35 – 15.20||28|Baseball je šport, ki je namenjen otrokom vseh telesnih dispozicij, vsak pa najde najboljše mesto, kjer lahko izrazi samega sebe. Igra se z mehkimi žogami, da je za otroka varno okolje, kjer je izločena nevarnost poškodbe, s tem pa otroku omogočimo hitrejši in lažji razvoj. |KONEC
Conversational English – native speaker|Robert in Aleša Lehmann|6, 7, 8, 9|Četrtek 14.35 – 15.20||28|Učenci, ki želijo nadgraditi znanje angleškega jezika, pridobljenega med poukom, se lahko vključijo v konverzacijski krožek, ki ga bo vodil »naravni govorec« iz ZDA gospod Robert Lehmann, oče naših dveh učenk. Učenje bo temeljilo na komunikaciji in aktivnem sodelovanju učencev, vsebine pa bodo izbrane tematsko glede na zanimanje učencev.|KONEC
Plesne vaje||1, 2, 3, 4, 5|Petek 14.35 – 15.20||28|…|KONEC
Šola badmintona|Badmintonski klub Ježica|1, 2, 3, 4, 5|Četrtek 14.35 – 15.20|5 €/mesec|28|Badminton je moderna športna igra, ki zahteva od igralca veliko napora in odrekanja. Uvršča se med dvoranske športe. S tem se verjetno ne bodo strinjali tisti, ki lopar vihtijo na bližnjem travniku ali lastnem igrišču. Čeprav tudi ta vrsta igranja prinaša sodelujočim kopico užitkov, pa se igranje badmintona v dvorani od le tega na prostem močno razlikuje. V dvorani veter ne usmerja peresno lahke žogice, zato leti tja, kamor ste jo poslali; zaradi ravne podlage je tekanje hitrejše in varnejše, igra pa bolj dinamična. BK Ježica je klub z dolgoletno tradicijo in želi nadaljevati tradicijo badmintona na tej šoli. Tako bi želeli najmlajšim predstaviti osnove badmintona, jim omogočiti zdravo druženje, ter jih naučiti navezovanja stikov, tekmovalnosti, zmagovati, prenašati poraze in navsezadnje vzdrževati psihofizično kondicijo za vsakodnevne stresne obremenitve. |KONEC
